-- phpMyAdmin SQL Dump
-- version 5.2.1
-- https://www.phpmyadmin.net/
--
-- Máy chủ: 127.0.0.1
-- Thời gian đã tạo: Th3 12, 2025 lúc 02:54 AM
-- Phiên bản máy phục vụ: 10.4.32-MariaDB
-- Phiên bản PHP: 8.2.12

SET SQL_MODE = "NO_AUTO_VALUE_ON_ZERO";
START TRANSACTION;
SET time_zone = "+00:00";


/*!40101 SET @OLD_CHARACTER_SET_CLIENT=@@CHARACTER_SET_CLIENT */;
/*!40101 SET @OLD_CHARACTER_SET_RESULTS=@@CHARACTER_SET_RESULTS */;
/*!40101 SET @OLD_COLLATION_CONNECTION=@@COLLATION_CONNECTION */;
/*!40101 SET NAMES utf8mb4 */;

--
-- Cơ sở dữ liệu: `pingpong`
--

-- --------------------------------------------------------

--
-- Cấu trúc bảng cho bảng `cart`
--

CREATE TABLE `cart` (
  `cart_id` int(11) NOT NULL,
  `customer_id` int(11) DEFAULT NULL,
  `product_id` int(11) DEFAULT NULL,
  `quantity` int(11) NOT NULL CHECK (`quantity` > 0),
  `added_at` timestamp NOT NULL DEFAULT current_timestamp()
) ENGINE=InnoDB DEFAULT CHARSET=utf8mb4 COLLATE=utf8mb4_general_ci;

-- --------------------------------------------------------

--
-- Cấu trúc bảng cho bảng `categories`
--

CREATE TABLE `categories` (
  `category_id` int(11) NOT NULL,
  `category_name` varchar(255) NOT NULL,
  `description` text DEFAULT NULL
) ENGINE=InnoDB DEFAULT CHARSET=utf8mb4 COLLATE=utf8mb4_general_ci;

--
-- Đang đổ dữ liệu cho bảng `categories`
--

INSERT INTO `categories` (`category_id`, `category_name`, `description`) VALUES
(1, 'Bộ vợt', 'Các loại cốt vợt cao cấp dành cho mọi trình độ'),
(2, 'Cốt vợt', 'Các loại mặt vợt phù hợp cho từng phong cách chơi'),
(3, 'Mặt vợt', 'Các phụ kiện hỗ trợ chơi bóng bàn');

-- --------------------------------------------------------

--
-- Cấu trúc bảng cho bảng `customers`
--

CREATE TABLE `customers` (
  `customer_id` int(11) NOT NULL,
  `full_name` varchar(255) NOT NULL,
  `email` varchar(255) NOT NULL,
  `phone` varchar(15) DEFAULT NULL,
  `address` text DEFAULT NULL,
  `password` varchar(255) NOT NULL,
  `created_at` timestamp NOT NULL DEFAULT current_timestamp()
) ENGINE=InnoDB DEFAULT CHARSET=utf8mb4 COLLATE=utf8mb4_general_ci;

--
-- Đang đổ dữ liệu cho bảng `customers`
--

INSERT INTO `customers` (`customer_id`, `full_name`, `email`, `phone`, `address`, `password`, `created_at`) VALUES
(1, 'Nguyễn Văn A', 'nguyenvana@example.com', '0987654321', 'Hà Nội', 'password123', '2025-03-11 20:45:06'),
(2, 'Trần Thị B', 'tranthib@example.com', '0978123456', 'TP. Hồ Chí Minh', 'password456', '2025-03-11 20:45:06');

-- --------------------------------------------------------

--
-- Cấu trúc bảng cho bảng `employees`
--

CREATE TABLE `employees` (
  `employee_id` int(11) NOT NULL,
  `full_name` varchar(255) NOT NULL,
  `email` varchar(255) NOT NULL,
  `phone` varchar(15) DEFAULT NULL,
  `role` enum('Admin','Staff') NOT NULL,
  `password` varchar(255) NOT NULL,
  `created_at` timestamp NOT NULL DEFAULT current_timestamp()
) ENGINE=InnoDB DEFAULT CHARSET=utf8mb4 COLLATE=utf8mb4_general_ci;

--
-- Đang đổ dữ liệu cho bảng `employees`
--

INSERT INTO `employees` (`employee_id`, `full_name`, `email`, `phone`, `role`, `password`, `created_at`) VALUES
(1, 'Admin PingPong', 'admin@example.com', '0901234567', 'Admin', 'admin123', '2025-03-11 20:45:06'),
(2, 'Nhân viên 1', 'staff1@example.com', '0912345678', 'Staff', 'staff123', '2025-03-11 20:45:06');

-- --------------------------------------------------------

--
-- Cấu trúc bảng cho bảng `orderdetails`
--

CREATE TABLE `orderdetails` (
  `order_detail_id` int(11) NOT NULL,
  `order_id` int(11) DEFAULT NULL,
  `product_id` int(11) DEFAULT NULL,
  `quantity` int(11) NOT NULL CHECK (`quantity` > 0),
  `price` decimal(10,2) NOT NULL
) ENGINE=InnoDB DEFAULT CHARSET=utf8mb4 COLLATE=utf8mb4_general_ci;

--
-- Đang đổ dữ liệu cho bảng `orderdetails`
--

INSERT INTO `orderdetails` (`order_detail_id`, `order_id`, `product_id`, `quantity`, `price`) VALUES
(9, 1, 1, 1, 3500000.00),
(10, 1, 3, 1, 650000.00),
(11, 2, 4, 1, 1600000.00),
(12, 2, 5, 1, 50000.00);

-- --------------------------------------------------------

--
-- Cấu trúc bảng cho bảng `orders`
--

CREATE TABLE `orders` (
  `order_id` int(11) NOT NULL,
  `customer_id` int(11) DEFAULT NULL,
  `order_status` enum('Pending','Processing','Shipped','Delivered','Cancelled') DEFAULT 'Pending',
  `total_price` decimal(10,2) NOT NULL,
  `order_date` timestamp NOT NULL DEFAULT current_timestamp()
) ENGINE=InnoDB DEFAULT CHARSET=utf8mb4 COLLATE=utf8mb4_general_ci;

--
-- Đang đổ dữ liệu cho bảng `orders`
--

INSERT INTO `orders` (`order_id`, `customer_id`, `order_status`, `total_price`, `order_date`) VALUES
(1, 1, 'Pending', 4150000.00, '2025-03-11 20:45:06'),
(2, 2, 'Shipped', 2250000.00, '2025-03-11 20:45:06');

-- --------------------------------------------------------

--
-- Cấu trúc bảng cho bảng `payments`
--

CREATE TABLE `payments` (
  `payment_id` int(11) NOT NULL,
  `order_id` int(11) DEFAULT NULL,
  `payment_method` enum('Credit Card','Bank Transfer','COD') NOT NULL,
  `payment_status` enum('Pending','Completed','Failed') DEFAULT 'Pending',
  `transaction_id` varchar(255) DEFAULT NULL,
  `payment_date` timestamp NOT NULL DEFAULT current_timestamp()
) ENGINE=InnoDB DEFAULT CHARSET=utf8mb4 COLLATE=utf8mb4_general_ci;

-- --------------------------------------------------------

--
-- Cấu trúc bảng cho bảng `products`
--

CREATE TABLE `products` (
  `product_id` int(11) NOT NULL,
  `category_id` int(11) DEFAULT NULL,
  `product_name` varchar(255) NOT NULL,
  `description` text DEFAULT NULL,
  `price` decimal(10,2) NOT NULL,
  `stock` int(11) NOT NULL DEFAULT 0,
  `image_url` varchar(255) DEFAULT NULL,
  `created_at` timestamp NOT NULL DEFAULT current_timestamp()
) ENGINE=InnoDB DEFAULT CHARSET=utf8mb4 COLLATE=utf8mb4_general_ci;

--
-- Đang đổ dữ liệu cho bảng `products`
--

INSERT INTO `products` (`product_id`, `category_id`, `product_name`, `description`, `price`, `stock`, `image_url`, `created_at`) VALUES
(1, 1, 'Bộ vợt Butterfly Timo Boll ALC', 'Cốt vợt chuyên nghiệp từ Butterfly', 3500000.00, 10, 'butterfly_timo_boll_alc.jpg', '2025-03-11 20:45:06'),
(2, 1, 'Bộ vợt Stiga Carbonado 145', 'Cốt vợt công nghệ Carbon cao cấp', 3200000.00, 8, 'stiga_carbonado_145.jpg', '2025-03-11 20:45:06'),
(3, 2, 'Cốt vợt DHS Hurricane 3', 'Mặt vợt spin tốt, phù hợp lối chơi kiểm soát', 650000.00, 20, 'dhs_hurricane_3.jpg', '2025-03-11 20:45:06'),
(4, 2, 'Cốt vợt Butterfly Tenergy 05', 'Mặt vợt tốc độ cao, kiểm soát tốt', 1600000.00, 15, 'butterfly_tenergy_05.jpg', '2025-03-11 20:45:06'),
(5, 3, 'Mặt vợt Yinhe', 'Băng quấn cán vợt chống trơn trượt', 50000.00, 50, 'yinhe_grip_tape.jpg', '2025-03-11 20:45:06');

-- --------------------------------------------------------

--
-- Cấu trúc bảng cho bảng `reviews`
--

CREATE TABLE `reviews` (
  `review_id` int(11) NOT NULL,
  `customer_id` int(11) DEFAULT NULL,
  `product_id` int(11) DEFAULT NULL,
  `rating` int(11) DEFAULT NULL CHECK (`rating` between 1 and 5),
  `review_text` text DEFAULT NULL,
  `review_date` timestamp NOT NULL DEFAULT current_timestamp()
) ENGINE=InnoDB DEFAULT CHARSET=utf8mb4 COLLATE=utf8mb4_general_ci;

--
-- Chỉ mục cho các bảng đã đổ
--

--
-- Chỉ mục cho bảng `cart`
--
ALTER TABLE `cart`
  ADD PRIMARY KEY (`cart_id`),
  ADD KEY `customer_id` (`customer_id`),
  ADD KEY `product_id` (`product_id`);

--
-- Chỉ mục cho bảng `categories`
--
ALTER TABLE `categories`
  ADD PRIMARY KEY (`category_id`),
  ADD UNIQUE KEY `category_name` (`category_name`);

--
-- Chỉ mục cho bảng `customers`
--
ALTER TABLE `customers`
  ADD PRIMARY KEY (`customer_id`),
  ADD UNIQUE KEY `email` (`email`),
  ADD UNIQUE KEY `phone` (`phone`);

--
-- Chỉ mục cho bảng `employees`
--
ALTER TABLE `employees`
  ADD PRIMARY KEY (`employee_id`),
  ADD UNIQUE KEY `email` (`email`),
  ADD UNIQUE KEY `phone` (`phone`);

--
-- Chỉ mục cho bảng `orderdetails`
--
ALTER TABLE `orderdetails`
  ADD PRIMARY KEY (`order_detail_id`),
  ADD KEY `order_id` (`order_id`),
  ADD KEY `product_id` (`product_id`);

--
-- Chỉ mục cho bảng `orders`
--
ALTER TABLE `orders`
  ADD PRIMARY KEY (`order_id`),
  ADD KEY `customer_id` (`customer_id`);

--
-- Chỉ mục cho bảng `payments`
--
ALTER TABLE `payments`
  ADD PRIMARY KEY (`payment_id`),
  ADD UNIQUE KEY `transaction_id` (`transaction_id`),
  ADD KEY `order_id` (`order_id`);

--
-- Chỉ mục cho bảng `products`
--
ALTER TABLE `products`
  ADD PRIMARY KEY (`product_id`),
  ADD KEY `category_id` (`category_id`);

--
-- Chỉ mục cho bảng `reviews`
--
ALTER TABLE `reviews`
  ADD PRIMARY KEY (`review_id`),
  ADD KEY `customer_id` (`customer_id`),
  ADD KEY `product_id` (`product_id`);

--
-- AUTO_INCREMENT cho các bảng đã đổ
--

--
-- AUTO_INCREMENT cho bảng `cart`
--
ALTER TABLE `cart`
  MODIFY `cart_id` int(11) NOT NULL AUTO_INCREMENT;

--
-- AUTO_INCREMENT cho bảng `categories`
--
ALTER TABLE `categories`
  MODIFY `category_id` int(11) NOT NULL AUTO_INCREMENT, AUTO_INCREMENT=4;

--
-- AUTO_INCREMENT cho bảng `customers`
--
ALTER TABLE `customers`
  MODIFY `customer_id` int(11) NOT NULL AUTO_INCREMENT, AUTO_INCREMENT=3;

--
-- AUTO_INCREMENT cho bảng `employees`
--
ALTER TABLE `employees`
  MODIFY `employee_id` int(11) NOT NULL AUTO_INCREMENT, AUTO_INCREMENT=3;

--
-- AUTO_INCREMENT cho bảng `orderdetails`
--
ALTER TABLE `orderdetails`
  MODIFY `order_detail_id` int(11) NOT NULL AUTO_INCREMENT, AUTO_INCREMENT=13;

--
-- AUTO_INCREMENT cho bảng `orders`
--
ALTER TABLE `orders`
  MODIFY `order_id` int(11) NOT NULL AUTO_INCREMENT, AUTO_INCREMENT=3;

--
-- AUTO_INCREMENT cho bảng `payments`
--
ALTER TABLE `payments`
  MODIFY `payment_id` int(11) NOT NULL AUTO_INCREMENT;

--
-- AUTO_INCREMENT cho bảng `products`
--
ALTER TABLE `products`
  MODIFY `product_id` int(11) NOT NULL AUTO_INCREMENT, AUTO_INCREMENT=11;

--
-- AUTO_INCREMENT cho bảng `reviews`
--
ALTER TABLE `reviews`
  MODIFY `review_id` int(11) NOT NULL AUTO_INCREMENT;

--
-- Các ràng buộc cho các bảng đã đổ
--

--
-- Các ràng buộc cho bảng `cart`
--
ALTER TABLE `cart`
  ADD CONSTRAINT `cart_ibfk_1` FOREIGN KEY (`customer_id`) REFERENCES `customers` (`customer_id`) ON DELETE CASCADE,
  ADD CONSTRAINT `cart_ibfk_2` FOREIGN KEY (`product_id`) REFERENCES `products` (`product_id`) ON DELETE CASCADE;

--
-- Các ràng buộc cho bảng `orderdetails`
--
ALTER TABLE `orderdetails`
  ADD CONSTRAINT `orderdetails_ibfk_1` FOREIGN KEY (`order_id`) REFERENCES `orders` (`order_id`) ON DELETE CASCADE,
  ADD CONSTRAINT `orderdetails_ibfk_2` FOREIGN KEY (`product_id`) REFERENCES `products` (`product_id`) ON DELETE CASCADE;

--
-- Các ràng buộc cho bảng `orders`
--
ALTER TABLE `orders`
  ADD CONSTRAINT `orders_ibfk_1` FOREIGN KEY (`customer_id`) REFERENCES `customers` (`customer_id`) ON DELETE CASCADE;

--
-- Các ràng buộc cho bảng `payments`
--
ALTER TABLE `payments`
  ADD CONSTRAINT `payments_ibfk_1` FOREIGN KEY (`order_id`) REFERENCES `orders` (`order_id`) ON DELETE CASCADE;

--
-- Các ràng buộc cho bảng `products`
--
ALTER TABLE `products`
  ADD CONSTRAINT `products_ibfk_1` FOREIGN KEY (`category_id`) REFERENCES `categories` (`category_id`) ON DELETE CASCADE;

--
-- Các ràng buộc cho bảng `reviews`
--
ALTER TABLE `reviews`
  ADD CONSTRAINT `reviews_ibfk_1` FOREIGN KEY (`customer_id`) REFERENCES `customers` (`customer_id`) ON DELETE CASCADE,
  ADD CONSTRAINT `reviews_ibfk_2` FOREIGN KEY (`product_id`) REFERENCES `products` (`product_id`) ON DELETE CASCADE;
COMMIT;

/*!40101 SET CHARACTER_SET_CLIENT=@OLD_CHARACTER_SET_CLIENT */;
/*!40101 SET CHARACTER_SET_RESULTS=@OLD_CHARACTER_SET_RESULTS */;
/*!40101 SET COLLATION_CONNECTION=@OLD_COLLATION_CONNECTION */;
